78112 , Hijup
63260 , Hijup
10346 , Hijup
14589 , Hijup
71563 , Hijup
41460 , Hijup
834 , Hijup
53126 , Hijup
30842 , Hijup
62628 , Hijup
51341 , Hijup
59373 , Hijup
69820 , Hijup
53955 , Hijup
44580 , Hijup
9686 , Hijup
20625 , Hijup
27392 , Hijup
39182 , Hijup
65603 , Hijup
21210 , Hijup
33842 , Hijup
81733 , Hijup
21116 , Hijup
67272 , Hijup
83911 , Hijup
40670 , Hijup
48249 , 45191
70591 , Hijup
16701 , Hijup
47335 , Hijup
67708 , Hijup
10765 , Hijup
65182 , 52221
65182 , Hijup
79476 , Hijup
45657 , Hijup
10014 , 29167
17786 , Hijup
49490 , Hijup
38247 , Hijup
68828 , Hijup
46865 , Hijup
10295 , Hijup
48459 , Hijup
40017 , Hijup
9663 , Hijup
41383 , Hijup
35365 , 63879
9275 , Hijup
63150 , Hijup
28438 , Hijup
47318 , Hijup
52221 , Hijup
62564 , Hijup
40527 , Hijup
44398 , Hijup
68285 , Hijup
82602 , Hijup
46303 , Hijup
53631 , Hijup
78853 , Hijup
43110 , Hijup
1985 , Hijup
38063 , 41012
44892 , Hijup
62639 , 2939
39369 , Hijup
21552 , Hijup
4577 , Hijup
4052 , Hijup
57579 , Hijup
72574 , Hijup
36279 , Hijup
33548 , Hijup
40899 , Hijup
6271 , Hijup
34913 , Hijup
57107 , Hijup
6425 , Hijup
42211 , Hijup
32971 , Hijup
42373 , Hijup
40104 , Hijup
19751 , Hijup
64016 , Hijup
74668 , Hijup
50136 , Hijup
62980 , Hijup
1225 , Hijup
29086 , Hijup
64704 , Hijup
38527 , Hijup
63060 , Hijup
63858 , Hijup
70240 , Hijup
85445 , Hijup
65412 , Hijup
26311 , Hijup
58660 , Hijup
32887 , Hijup
73667 , Hijup
45330 , Hijup
29267 , Hijup
35823 , Hijup
59971 , Hijup
2423 , Hijup
22811 , Hijup
75677 , Hijup
39802 , Hijup
26736 , Hijup
39818 , Hijup
33466 , Hijup
37732 , Hijup
38860 , Hijup
69553 , Hijup
7766 , Hijup
35089 , Hijup
5486 , Hijup
5447 , Hijup
33616 , Hijup
41012 , Hijup
48127 , Hijup
88554 , Hijup
42181 , Hijup
38502 , Hijup
56327 , Hijup
52918 , Hijup
64400 , Hijup
579 , Hijup
64404 , Hijup
28398 , Hijup
53200 , Hijup
18200 , Hijup
50379 , Hijup
53099 , Hijup
10552 , Hijup
37925 , Hijup
26459 , Hijup
44804 , Hijup
66381 , Hijup
64806 , Hijup
36573 , Hijup
71491 , Hijup
25905 , Hijup
2764 , Hijup
74207 , Hijup
37190 , Hijup
65202 , Hijup
35336 , Hijup
33721 , Hijup
41109 , Hijup
29288 , Hijup
56326 , Hijup
70873 , Hijup
43874 , Hijup
42128 , Hijup
745 , Hijup
65666 , Hijup
76709 , Hijup
71590 , Hijup
77976 , Hijup
27006 , Hijup
69525 , Hijup
65974 , Hijup
31750 , Hijup
16371 , Hijup
65891 , Hijup
35847 , Hijup
57778 , Hijup
43266 , Hijup
45695 , Hijup
15900 , Hijup
16814 , Hijup
61470 , Hijup
26550 , Hijup
41992 , Hijup
72279 , Hijup
4335 , Hijup
73673 , Hijup
41704 , Hijup
63341 , Hijup
76321 , Hijup
30261 , Hijup
15527 , Hijup
59389 , Hijup
47885 , Hijup
39122 , Hijup
53607 , Hijup
3333 , Hijup
72183 , Hijup
30528 , Hijup
54257 , Hijup
42206 , Hijup
82189 , Hijup
64126 , Hijup
50238 , Hijup
29657 , Hijup
73884 , Hijup
85053 , Hijup
46789 , Hijup
69717 , Hijup
13183 , 41290
42455 , Hijup
81129 , Hijup
40871 , Hijup
71179 , Hijup
36818 , Hijup
43241 , Hijup
46403 , Hijup
52019 , Hijup
69243 , Hijup
7557 , Hijup
9886 , Hijup
3702 , Hijup
40118 , Hijup
14679 , Hijup
41819 , Hijup
61244 , Hijup
39106 , Hijup
47435 , Hijup
25938 , Hijup
14254 , Hijup
2344 , Hijup
81757 , Hijup
78891 , Hijup
64189
43717 , Hijup
2028 , Hijup
16078 , 36736
42350 , 43539
40580 , Hijup
7106 , Hijup
63066 , Hijup
72036 , Hijup
71000 , Hijup
1542 , Hijup
46559 , Hijup
54437 , Hijup
40745 , Hijup
17879 , 29244
29710 , Hijup
45566 , Hijup
36320 , Hijup
76677 , Hijup
10301 , Hijup
3446 , Hijup
70074 , Hijup
57502 , Hijup
48000 , Hijup
2686 , Hijup
46785 , Hijup
80335 , Hijup
74479 , Hijup
61947 , Hijup
45191 , 21061
45191 , Hijup
27806 , Hijup
41663 , Hijup
41663 , 77749
59652 , Hijup
39186 , Hijup
16958 , Hijup
38638 , Hijup
7446 , Hijup
29167
64233 , Hijup
39906 , Hijup
71973 , Hijup
62668 , Hijup
8620 , Hijup
63232 , Hijup
37471 , Hijup
33853 , Hijup
73148 , Hijup
37229 , Hijup
41696 , Hijup
40316 , Hijup
8469 , Hijup
59528 , Hijup
47937 , Hijup
16558 , Hijup
45281 , Hijup
35524 , Hijup
81480 , Hijup
53036 , Hijup
30336 , Hijup
67713 , Hijup
28825 , Hijup
71996 , Hijup
19568 , Hijup
42496 , Hijup
18506 , Hijup
80955 , Hijup
10186 , Hijup
72190 , Hijup
81426 , Hijup
75827 , Hijup
63528 , Hijup
44954 , Hijup
61610 , Hijup
64446 , Hijup
45147 , Hijup
40575 , Hijup
1236 , Hijup
46691 , Hijup
42226 , Hijup
63461 , Hijup
44602 , Hijup
33690 , Hijup
Hijup , 47442
Hijup , 42885
Hijup , 49144
Hijup , 60254
Hijup , 63485
Hijup , 38750
Hijup , 41532
Hijup , 40382
Hijup , 80734
Hijup , 71800
Hijup , 47539
Hijup , 70399
Hijup , 75728
Hijup , 48135
Hijup , 7892
Hijup , 3723
Hijup , 70435
Hijup , 41771
Hijup , 45290
Hijup , 4687
Hijup , 47575
Hijup , 33919
Hijup , 53404
Hijup , 36494
Hijup , 21596
Hijup , 72562
Hijup , 74024
Hijup , 62461
Hijup , 31693
